Adversary ID;Name;Race;Prompt
1;"Black Uruk";"Orc";"Create a high-quality, full-body portrait of character named Black Uruk, who is a Orc from Tolkien's Middle-earth, Large and evil Orcs of great strength, picked from among the fiercest to act as lieutenants, bodyguards or chosen warriors, sent to reinforce a colony of lesser Orcs., wielding a Broad-Bladed Sword with a Broad-Headed Spear strapped to their back.The image should have no background (transparent), no shadows, and be suitable for use as a 3D model reference. Please provide the image as a PNG with a transparent background if possible."
2;"Snaga Tracker";"Orc";"Create a high-quality, full-body portrait of character named Snaga Tracker, who is a Orc from Tolkien's Middle-earth, A smaller breed gifted with wide, snuffling nostrils, able to catch the scent of enemies from a distance, even after a prolonged period of time has passed. Trackers are a weak and lazy lot, but quick and clever., wielding a Bow of Horn with a Jagged Knife strapped to their side.The image should have no background (transparent), no shadows, and be suitable for use as a 3D model reference. Please provide the image as a PNG with a transparent background if possible."
3;"Messenger of Lugbúrz";"Orc";"Create a high-quality, full-body portrait of character named Messenger of Lugbúrz, who is a Orc from Tolkien's Middle-earth, An emissary of the Shadow, a Messenger of Lugbúrz is always on an errand for his Master, be it to spy upon Men, Elves or Dwarves, or to rouse all creatures with evil intent in an area., wielding a Scimitar with a Jagged Knife strapped to their side.The image should have no background (transparent), no shadows, and be suitable for use as a 3D model reference. Please provide the image as a PNG with a transparent background if possible."
4;"Orcs of Mount Gram";"Orc";"Create a high-quality, full-body portrait of character named Orcs of Mount Gram, who is a Orc from Tolkien's Middle-earth, The Orcs of Mount Gram have a long memory of their defeat at the hands of Bullroarer Took and fiercely hate all Hobbits, relentlessly attacking a company that includes one., wielding a Bent Sword with a Spear strapped to their back.The image should have no background (transparent), no shadows, and be suitable for use as a 3D model reference. Please provide the image as a PNG with a transparent background if possible."
5;"Goblins of Carn Dum";"Orc";"Create a high-quality, full-body portrait of character named Goblins of Carn Dum, who is a Orc from Tolkien's Middle-earth, A small, vicious breed of Orcs still inhabit the ruins of Carn Dum. There they hide, when they don’t prowl the land with war-bands led by warriors of the Hill-men of Rhudaur, who profit from the Goblins’ abilities as scouts and look-outs. The Goblins both hate and fear those who defeated their master, the Dúnedain and the High Elves of Rivendell., wielding a Broad-Bladed Sword with a Bow of Horn strapped to their back.The image should have no background (transparent), no shadows, and be suitable for use as a 3D model reference. Please provide the image as a PNG with a transparent background if possible."
6;"Orcs of the White Mountains";"Orc";"Create a high-quality, full-body portrait of character named Orcs of the White Mountains, who is a Orc from Tolkien's Middle-earth, After their defeat in the Battle of Azanulbizar, countless Orcs fled south from the Misty Mountains. Many of these took refuge in the White Mountains, becoming a plague on the lands of the Mata until the last of them were finally hunted down and slain by Folca King in 2863. Yet in some hidden fortresses within the least accessible corners of the White Mountains Orcs remain, lean and hungry and kept warm against the cold by the hate burning within their breasts., wielding a Bent Sword with a Spear strapped to their back.The image should have no background (transparent), no shadows, and be suitable for use as a 3D model reference. Please provide the image as a PNG with a transparent background if possible."
7;"Half-Orcs";"Orc";"Create a high-quality, full-body portrait of character named Half-Orcs, who is a Orc from Tolkien's Middle-earth, The more ill-favoured of Saruman’s creations are the Half-orcs, creatures whose ancestry cannot be disguised. Known also as Man-orcs, they are tall and ferocious, and are often dispatched to assault enemies defending behind an advantageous position, like a shield-wall formation for example, as their reach is longer than that of most Orcs., wielding a Orc-Axe with a Spear strapped to their back.The image should have no background (transparent), no shadows, and be suitable for use as a 3D model reference. Please provide the image as a PNG with a transparent background if possible."
8;"Uruk-Hai Soldiers";"Orc";"Create a high-quality, full-body portrait of character named Uruk-Hai Soldiers, who is a Orc from Tolkien's Middle-earth, Large and heavily muscled with fearsome features, many of these slant-eyed Orcs serve Saruman the White. They are equipped in Isengard, and are clad in heavy iron mail and wield broad short swords. But the Uruk-hai are not crude and savage as other Orcs. They are clever monsters, sent to accomplish delicate missions whose objectives are known only to the mind who plotted them., wielding a Broad-Bladed Sword with a Bow of Horn strapped to their back.The image should have no background (transparent), no shadows, and be suitable for use as a 3D model reference. Please provide the image as a PNG with a transparent background if possible."
9;"Goblin-Men";"Orc";"Create a high-quality, full-body portrait of character named Goblin-Men, who is a Orc from Tolkien's Middle-earth, Not obviously as Orc-like as the Half-orcs, Goblin-men are able to pass as individuals of a particularly foul appearance and temperament. They often work as spies and emissaries for their master in Orthanc, due to their ability to pass relatively unnoticed in civilised lands. From Bree to Gondor, they skulk in the shadows and listen to idle talk across Middle-earth before returning to Isengard., wielding a Jagged Knife.The image should have no background (transparent), no shadows, and be suitable for use as a 3D model reference. Please provide the image as a PNG with a transparent background if possible."
10;"Uruk-Hai Captain";"Orc";"Create a high-quality, full-body portrait of character named Uruk-Hai Captain, who is a Orc from Tolkien's Middle-earth, As tall as Men and wielding terrible weaponry, the captains of the Uruk-hai know no mercy – even towards their own soldiers. They are keen-minded and brutally efficient, driving their ‘lads’ with a combination of cracking whips and promised pain for those who do not follow their orders. Those serving Saruman are unwaveringly loyal to the White Hand and are often the only Orcs in a given company who have any hint at the reasons behind a mysterious command from their master., wielding a Broad-Bladed Sword with a Orc-Whip strapped to their side.The image should have no background (transparent), no shadows, and be suitable for use as a 3D model reference. Please provide the image as a PNG with a transparent background if possible."
11;"Orcish Wolf-Riders";"Orc";"Create a high-quality, full-body portrait of character named Orcish Wolf-Riders, who is a Orc from Tolkien's Middle-earth, In his later schemes against Rohan, Saruman plans to employ companies of Orcs riding Wild Wolves to oppose the horse-riding Rohirrim. These fast riders are particularly suited as scouts and as plunderers, as they can strike swiftly and return., wielding a Spear with a Bent Sword strapped to their side.The image should have no background (transparent), no shadows, and be suitable for use as a 3D model reference. Please provide the image as a PNG with a transparent background if possible."
12;"Hobgoblins";"Orc";"Create a high-quality, full-body portrait of character named Hobgoblins, who is a Orc from Tolkien's Middle-earth, Hobgoblins are an especially malevolent race of Orcs bred in the North in ages past. They are tall and gaunt, with long limbs and flat, almost noseless faces. Only a few members of that fell race survive today, in dark caverns beneath the Grey Mountains and under the Mountains of Mirkwood. Like the smaller Goblins of the mountains, they hate the light of the sun and rarely venture far from their lairs, but are exceedingly powerful at night or when prowling in darkness., wielding a Broad-Bladed Sword with a Bow of Horn strapped to their back.The image should have no background (transparent), no shadows, and be suitable for use as a 3D model reference. Please provide the image as a PNG with a transparent background if possible."
13;"Marsh Hags";"Orc";"Create a high-quality, full-body portrait of character named Marsh Hags, who is a Orc from Tolkien's Middle-earth, These solitary monsters appear to be large and twisted Water-goblins, with long arms and iron-hard claws. They are called hags as their heads seem covered by thick tresses of green hair, giving them the appearance of horrible, wicked crones. Marsh-hags hide in watery chambers beneath deep stagnant pools, waiting for an unfortunate traveller to stumble upon their hiding place., wielding a no visible weapon.The image should have no background (transparent), no shadows, and be suitable for use as a 3D model reference. Please provide the image as a PNG with a transparent background if possible."
14;"Forest Goblin";"Orc";"Create a high-quality, full-body portrait of character named Forest Goblin, who is a Orc from Tolkien's Middle-earth, The Orcs of Mirkwood are wiry, pale creatures, mostly inhabiting the caves under the Mountains of Mirkwood and haunting the ruins of Dol Guldur. Their long limbs and bony hands are surprisingly powerful, a characteristic that many enemies discovered too late., wielding a Stone Spear with a Jagged Knife strapped to their side.The image should have no background (transparent), no shadows, and be suitable for use as a 3D model reference. Please provide the image as a PNG with a transparent background if possible."
15;"The Pale Ones";"Orc";"Create a high-quality, full-body portrait of character named The Pale Ones, who is a Orc from Tolkien's Middle-earth, Long ago, a small tribe of Goblins passed beneath the shadow of the mountains and slipped past the Ents into the gloom of Nan Mordeleb. As they supped on sickly toadstools, they changed, down in the dark. They lost much of their fears and gained a feral cunning vicious even by the standards of their own cruel race., wielding a Bow of Horn.The image should have no background (transparent), no shadows, and be suitable for use as a 3D model reference. Please provide the image as a PNG with a transparent background if possible."
16;"Common Hill Troll";"Troll";"Create a high-quality, full-body portrait of character named Common Hill Troll, who is a Troll from Tolkien's Middle-earth, Hill-Trolls are probably the most common breed of this cruel race, as they prowl desolate areas from the Coldfells in the north to Gorgoroth in the south. They are wild and beastly in battle, prone to bellowing and roaring to intimidate their enemies, but can be disciplined to use simple weapons and armour., wielding a Club.The image should have no background (transparent), no shadows, and be suitable for use as a 3D model reference. Please provide the image as a PNG with a transparent background if possible."
17;"Hill-Troll Chief";"Troll";"Create a high-quality, full-body portrait of character named Hill-Troll Chief, who is a Troll from Tolkien's Middle-earth, A Troll-chief is a larger, meaner and more intelligent Hill-Troll, a formidable opponent even for the most valorous (or reckless) heroes., wielding a Club.The image should have no background (transparent), no shadows, and be suitable for use as a 3D model reference. Please provide the image as a PNG with a transparent background if possible."
18;"Mountain Troll";"Troll";"Create a high-quality, full-body portrait of character named Mountain Troll, who is a Troll from Tolkien's Middle-earth, Mountain-Trolls are the largest of all Troll-races, often twelve feet or more in height. Immensely strong and dangerous, luckily they are rarely encountered, and are dull-witted and slow., wielding a no visible weapon.The image should have no background (transparent), no shadows, and be suitable for use as a 3D model reference. Please provide the image as a PNG with a transparent background if possible."
19;"Etins";"Troll";"Create a high-quality, full-body portrait of character named Etins, who is a Troll from Tolkien's Middle-earth, Etins are some of the oldest of Troll-kind, barely distinguishable from huge piles of rock. They exhibit abnormal features now lost to the Stone-Trolls, like having four arms, or two heads growing side-by-side from their shoulders., wielding a no visible weapon.The image should have no background (transparent), no shadows, and be suitable for use as a 3D model reference. Please provide the image as a PNG with a transparent background if possible."
20;"Fungal Troll";"Troll";"Create a high-quality, full-body portrait of character named Fungal Troll, who is a Troll from Tolkien's Middle-earth, Cave-Trolls that linger too long in the depths of Nan Mordeleb can change nearly beyond recognition, their bodies becoming hosts to swarms of fungal infestations. This softens their hide, making them (somewhat) easier to damage, yet all but inures them to pain. The resulting creatures are terrible to behold and perilous to fight., wielding a no visible weapon.The image should have no background (transparent), no shadows, and be suitable for use as a 3D model reference. Please provide the image as a PNG with a transparent background if possible."
21;"Marsh Ogre";"Troll";"Create a high-quality, full-body portrait of character named Marsh Ogre, who is a Troll from Tolkien's Middle-earth, Some of the more terrifying tales surviving in the North talk of horrible man-eating Giants who were said to prowl lonely moors and bogs in search of prey. The most dangerous among them are said to have once lived in the marshes to the east of Mirkwood. No one has seen an Ogre in recent times, and the old and wise among the Men of the Lake say that they retreated among the mists of the bogs when Smaug took residence under the Lonely Mountain - few monsters were a match for a great Dragon! But now Smaug is dead, and the Marsh-ogres could emerge once again from their stinking retreats to threaten Lake-town and its prospering inhabitants., wielding a no visible weapon.The image should have no background (transparent), no shadows, and be suitable for use as a 3D model reference. Please provide the image as a PNG with a transparent background if possible."
22;"Attercop";"Spider";"Create a high-quality, full-body portrait of character named Attercop, who is a Spider from Tolkien's Middle-earth, Many-eyed and many-legged, Attercops are giant spiders reaching up to the size of boats. They are crafty predators who attack unwary victims, first tying them up with their spider-thread and then poisoning them. While a single Attercop does not pose a significant threat to any but a less-experienced adventurer, a roused spider-colony can be a challenge even for a veteran company of heroes., wielding a no visible weapon.The image should have no background (transparent), no shadows, and be suitable for use as a 3D model reference. Please provide the image as a PNG with a transparent background if possible."
23;"Hunter Spider";"Spider";"Create a high-quality, full-body portrait of character named Hunter Spider, who is a Spider from Tolkien's Middle-earth, Spawn of Tauler the Hunter and his sister Sarqin., wielding a no visible weapon.The image should have no background (transparent), no shadows, and be suitable for use as a 3D model reference. Please provide the image as a PNG with a transparent background if possible."
24;"Great Spider";"Spider";"Create a high-quality, full-body portrait of character named Great Spider, who is a Spider from Tolkien's Middle-earth, Great Spiders display their dreadful heritage much more prominently than the lesser Attercops. They are gigantic in size, sometimes as big as horses or greater, but their soft, flexible bodies enable them to hide in surprisingly narrow passages. While they can always be described as monstrous spider creatures, their features often differ from one individual to another: the number and appearance of their legs and eyes may vary, for instance – some are supported by long and thin stalks, others move about on strong and hairy limbs ending in claw-like appendages, some spy from the dark with clustered eyes, and others follow their prey with bulbous, many-windowed eyes. Regardless of the details, Great Spiders are always a terrifying sight., wielding a no visible weapon.The image should have no background (transparent), no shadows, and be suitable for use as a 3D model reference. Please provide the image as a PNG with a transparent background if possible."
25;"Great Bat";"Vampire";"Create a high-quality, full-body portrait of character named Great Bat, who is a Vampire from Tolkien's Middle-earth, Unusually large bats, whose taste for blood often leads them to follow when Orcs and Wargs go on raids or to war., wielding a no visible weapon.The image should have no background (transparent), no shadows, and be suitable for use as a 3D model reference. Please provide the image as a PNG with a transparent background if possible."
26;"Elder Vampire";"Vampire";"Create a high-quality, full-body portrait of character named Elder Vampire, who is a Vampire from Tolkien's Middle-earth, The largest and most terrible of the winged vampires. These gargantuan bats are the size of a grown man with wings each as long as its body. Their clawed feet tear open the stomach of their victims and their fangs can pierce armor with ease., wielding a no visible weapon.The image should have no background (transparent), no shadows, and be suitable for use as a 3D model reference. Please provide the image as a PNG with a transparent background if possible."
27;"Secret Shadow";"Vampire";"Create a high-quality, full-body portrait of character named Secret Shadow, who is a Vampire from Tolkien's Middle-earth, Taking the form of great misshapen bats, these servants of Sauron fly on their great fingered wings to carry his dark tidings or to spy upon the land, or join a swarm of Great Bats when war or hunt has provided them with prey. These Vampires belong to an astute and patient breed, always aware of the will of their Master and ready to do his bidding. Ages ago they were able to disguise their foul appearance and appear as beautiful women. Today, they may appear as such only briefly, to confound their opponents., wielding a no visible weapon.The image should have no background (transparent), no shadows, and be suitable for use as a 3D model reference. Please provide the image as a PNG with a transparent background if possible."
28;"Hill-Men of Rhudaur";"Evil Men";"Create a high-quality, full-body portrait of character named Hill-Men of Rhudaur, who is a Evil Men from Tolkien's Middle-earth, Cruel warriors once serving the Witch-lord of Angmar, they were much reduced in numbers, but they still inhabit the land once ruled by their king. They received many gifts of sorcery, and have not forgotten their allegiance., wielding a Orc-Axe with a Spear strapped to their back.The image should have no background (transparent), no shadows, and be suitable for use as a 3D model reference. Please provide the image as a PNG with a transparent background if possible."
29;"Hill-Men of Gundabad";"Evil Men";"Create a high-quality, full-body portrait of character named Hill-Men of Gundabad, who is a Evil Men from Tolkien's Middle-earth, These Hill-men are wild warriors of the Black Hills of the Vales of Gundabad. Their ancestors served the Witch-king of Angmar, and they were given to the practice of sorcery. Today they do not serve the Shadow, but should their old master summon them, most of them would readily answer. The Hill-men can leave their bodies while sleeping in the form of spirit-Wargs, to join the wild wolves in their hunts., wielding a Spear with a Short Sword strapped to their side.The image should have no background (transparent), no shadows, and be suitable for use as a 3D model reference. Please provide the image as a PNG with a transparent background if possible."
30;"Gundabad Spirit Wargs";"Evil Men";"Create a high-quality, full-body portrait of character named Gundabad Spirit Wargs, who is a Evil Men from Tolkien's Middle-earth, Spirit Warg forms of the Hill Men of Gundabad., wielding a no visible weapon.The image should have no background (transparent), no shadows, and be suitable for use as a 3D model reference. Please provide the image as a PNG with a transparent background if possible."
31;"Wild Men of Mirkwood";"Evil Men";"Create a high-quality, full-body portrait of character named Wild Men of Mirkwood, who is a Evil Men from Tolkien's Middle-earth, These men are the descendants of Northmen who fled into the deep forests of Mirkwood and became corrupt and evil. They forgot all their lore, and now use carved wood and chipped stone instead of metal. They speak a barbaric tongue that is part a degenerate form of the Common Speech and part mimicry of the chirps and clicks of the Spiders., wielding a Stone Spear with a Bow strapped to their back.The image should have no background (transparent), no shadows, and be suitable for use as a 3D model reference. Please provide the image as a PNG with a transparent background if possible."
32;"Dunlending Raiders";"Evil Men";"Create a high-quality, full-body portrait of character named Dunlending Raiders, who is a Evil Men from Tolkien's Middle-earth, Sometimes, when a particularly harsh winter has passed or a provocation from the hated Forgoil rouses them, the Men of Dunland assemble war parties and descend swiftly from their hills to plunder and kill, before retreating just as quickly back into the mountain mists where few dare follow them., wielding a Axe with a Spear strapped to their back.The image should have no background (transparent), no shadows, and be suitable for use as a 3D model reference. Please provide the image as a PNG with a transparent background if possible."
33;"Wulfing Riders";"Evil Men";"Create a high-quality, full-body portrait of character named Wulfing Riders, who is a Evil Men from Tolkien's Middle-earth, The Wulfings bear the symbols of their mixed ancestry, the old roots of their Dunlendish blood and their Northman heritage. They will draw their blade on anyone who forgets that one of their lords was once king of all Rohan., wielding a Spear with a Sword strapped to their side.The image should have no background (transparent), no shadows, and be suitable for use as a 3D model reference. Please provide the image as a PNG with a transparent background if possible."
34;"Warriors of the Gaesela";"Evil Men";"Create a high-quality, full-body portrait of character named Warriors of the Gaesela, who is a Evil Men from Tolkien's Middle-earth, Proud in their old ways, the Dunlendings of the west march of Rohan are more peaceful than their kin living in the Dunland Fells, but they are just as quick to draw blood if given a reason., wielding a Spear with a Axe strapped to their side.The image should have no background (transparent), no shadows, and be suitable for use as a 3D model reference. Please provide the image as a PNG with a transparent background if possible."
35;"Men of Isengard";"Evil Men";"Create a high-quality, full-body portrait of character named Men of Isengard, who is a Evil Men from Tolkien's Middle-earth, Many of Saruman’s most trusted servants belong to the folk of Isengard, men and women who have lived all their lives under the shadow of the Tower of Orthanc. Well-fed and trained, they are loyal and dependable., wielding a Spear.The image should have no background (transparent), no shadows, and be suitable for use as a 3D model reference. Please provide the image as a PNG with a transparent background if possible."
36;"Easterling Warrior";"Evil Men";"Create a high-quality, full-body portrait of character named Easterling Warrior, who is a Evil Men from Tolkien's Middle-earth, The warriors of the East are fierce and tough. Adorned in bronzed and gilded mail and armed with gleaming curved blades, these foreign fighters are a strange and fearful sight., wielding a Spear with a Scimitar strapped to their side.The image should have no background (transparent), no shadows, and be suitable for use as a 3D model reference. Please provide the image as a PNG with a transparent background if possible."
37;"Easterling Captain";"Evil Men";"Create a high-quality, full-body portrait of character named Easterling Captain, who is a Evil Men from Tolkien's Middle-earth, Captains in the armies of the East are especially cruel, establishing their authority through fear and pain. They are just as capable of inflicting that pain on their foes., wielding a Scimitar with a Dagger strapped to their side.The image should have no background (transparent), no shadows, and be suitable for use as a 3D model reference. Please provide the image as a PNG with a transparent background if possible."
38;"Easterling Raider";"Evil Men";"Create a high-quality, full-body portrait of character named Easterling Raider, who is a Evil Men from Tolkien's Middle-earth, Fast and light skirmishing units of the Easterlings are a common sight near the Iron Hills, in Dorwinion, and sometimes in the furthest reaches of Dalish lands. These raiders are fast and brutal, and are masters of both horse and bow., wielding a Spear with a Bow strapped to their back.The image should have no background (transparent), no shadows, and be suitable for use as a 3D model reference. Please provide the image as a PNG with a transparent background if possible."
39;"Easterling Sorcerer";"Evil Men";"Create a high-quality, full-body portrait of character named Easterling Sorcerer, who is a Evil Men from Tolkien's Middle-earth, Petty sorcery is the fare of dark cultists and secretive courtiers in the kingdoms of the East. Black temples to Morgoth are the training grounds for men and women with knowledge of evil power who use their knowledge to aid in the wars fought in Dark Lord Sauron’s name., wielding a Black-Bladed Dagger.The image should have no background (transparent), no shadows, and be suitable for use as a 3D model reference. Please provide the image as a PNG with a transparent background if possible."
40;"Corrupted Dwarf Warrior";"Evil Men";"Create a high-quality, full-body portrait of character named Corrupted Dwarf Warrior, who is a Evil Men from Tolkien's Middle-earth, The warriors of the dwarves are fearsome and sturdy. When they lose their minds from shadow corruption, they become a very dangerous threat., wielding a Axe with a Mattock strapped to their side.The image should have no background (transparent), no shadows, and be suitable for use as a 3D model reference. Please provide the image as a PNG with a transparent background if possible."
41;"Corrupted Dwarf";"Evil Men";"Create a high-quality, full-body portrait of character named Corrupted Dwarf, who is a Evil Men from Tolkien's Middle-earth, The dwarves are resilient against the corruption of shadow, but they are not immune to the enemy. Many are driven to their own selfish and destructive ends., wielding a Axe.The image should have no background (transparent), no shadows, and be suitable for use as a 3D model reference. Please provide the image as a PNG with a transparent background if possible."
42;"Corrupted Dwarf Veteran";"Evil Men";"Create a high-quality, full-body portrait of character named Corrupted Dwarf Veteran, who is a Evil Men from Tolkien's Middle-earth, Experienced dwarven warriors that become corrupted can best several mannish fighters simultaneously, requiring a half-dozen warriors or more to subdue., wielding a Axe with a Mattock strapped to their side.The image should have no background (transparent), no shadows, and be suitable for use as a 3D model reference. Please provide the image as a PNG with a transparent background if possible."
43;"Spectres";"Undead";"Create a high-quality, full-body portrait of character named Spectres, who is a Undead from Tolkien's Middle-earth, Not all the spirits that tarry in Middle-earth are bound to the service of Sauron, yet all feel the pull of his will. Powerful and strong-willed Men or Elves who died while pursuing acts of passion and great pride are often so consumed by their obsessions that they can linger on after death, haunting places they once used to love or inhabit., wielding a no visible weapon.The image should have no background (transparent), no shadows, and be suitable for use as a 3D model reference. Please provide the image as a PNG with a transparent background if possible."
44;"Bog Soldiers";"Undead";"Create a high-quality, full-body portrait of character named Bog Soldiers, who is a Undead from Tolkien's Middle-earth, Dead soldiers of a war long past, lying in rest beneath the Ettenmoors., wielding a Short Sword.The image should have no background (transparent), no shadows, and be suitable for use as a 3D model reference. Please provide the image as a PNG with a transparent background if possible."
45;"Wood-Wight";"Undead";"Create a high-quality, full-body portrait of character named Wood-Wight, who is a Undead from Tolkien's Middle-earth, Spirits from Dol Guldur possessing the bodies of Northmen., wielding a no visible weapon.The image should have no background (transparent), no shadows, and be suitable for use as a 3D model reference. Please provide the image as a PNG with a transparent background if possible."
46;"Dead Men of Dunharrow";"Undead";"Create a high-quality, full-body portrait of character named Dead Men of Dunharrow, who is a Undead from Tolkien's Middle-earth, Shades of the men of the mountains, cursed to undeath after betraying their king in the war of the last alliance., wielding a no visible weapon.The image should have no background (transparent), no shadows, and be suitable for use as a 3D model reference. Please provide the image as a PNG with a transparent background if possible."
47;"Grim Hawks";"Monster";"Create a high-quality, full-body portrait of character named Grim Hawks, who is a Monster from Tolkien's Middle-earth, Grim Hawks eat fish and smaller birds, as well as worms and insects they dig out of the mud with their sharp curved beaks. They also eat carrion by placing one clawed foot on the corpse and tearing the flesh with their beaks. A hungry Grim Hawk can be brave enough to attack an armed man, and a flock may surround a group of men., wielding a no visible weapon.The image should have no background (transparent), no shadows, and be suitable for use as a 3D model reference. Please provide the image as a PNG with a transparent background if possible."
48;"Basilisks";"Monster";"Create a high-quality, full-body portrait of character named Basilisks, who is a Monster from Tolkien's Middle-earth, Called Sarnlug by the Elves, and Fágwyrm by the Northmen, these lizards are said to be cast-offs from the Enemy’s earliest attempts to make dragons. Most Basilisks are as large as boars, but they can grow much bigger. Their yellowish bellies drag on the ground as they waddle through the forest’s underbrush., wielding a no visible weapon.The image should have no background (transparent), no shadows, and be suitable for use as a 3D model reference. Please provide the image as a PNG with a transparent background if possible."
49;"Huorns";"Monster";"Create a high-quality, full-body portrait of character named Huorns, who is a Monster from Tolkien's Middle-earth, Ancient and vengeful tree-like creatures. They are not quite Ents but possess a malevolent will of their own., wielding a no visible weapon.The image should have no background (transparent), no shadows, and be suitable for use as a 3D model reference. Please provide the image as a PNG with a transparent background if possible."
50;"Bloodstump the Hunter";"Adversaries in Eriador";"Create a high-quality, full-body portrait of character named Bloodstump the Hunter, who is a Adversaries in Eriador from Tolkien's Middle-earth, Bloodstump was the Hill-Troll Chief responsible for killing the Chieftain of the Dúnedain, Arador, the grandfather of Aragorn. He wields a terrible weapon, a dark gift from an invisible master., wielding a Great Black Mace.The image should have no background (transparent), no shadows, and be suitable for use as a 3D model reference. Please provide the image as a PNG with a transparent background if possible."
51;"The Queen on Castle Hill";"Adversaries in Eriador";"Create a high-quality, full-body portrait of character named The Queen on Castle Hill, who is a Adversaries in Eriador from Tolkien's Middle-earth, Rine, the self-proclaimed Queen of Castle Hill, is a huge solitary Stone-Troll with fists like boulders and a mind more cunning than most of her kind. Her weakness might lie in the excessive trust she puts in her improvised coat of armor., wielding a Club.The image should have no background (transparent), no shadows, and be suitable for use as a 3D model reference. Please provide the image as a PNG with a transparent background if possible."
58;"Gorgol, Son of Bolg";"Adversaries in Eriador";"Create a high-quality, full-body portrait of character named Gorgol, Son of Bolg, who is a Adversaries in Eriador from Tolkien's Middle-earth, Gorgol is a young Great Orc, dreadfully strong but not yet grown to full size and power. What he lacks in might he makes up in cunning., wielding a Heavy Scimitar with a Orc-Axe strapped to their side.The image should have no background (transparent), no shadows, and be suitable for use as a 3D model reference. Please provide the image as a PNG with a transparent background if possible."
59;"Maghaz, Orc-Captain";"Adversaries in Eriador";"Create a high-quality, full-body portrait of character named Maghaz, Orc-Captain, who is a Adversaries in Eriador from Tolkien's Middle-earth, The castellan of Fenbridge, in Southern Mirkwood, is a wily creature who has learnt how to survive in the shadow of Dol Guldur: trust no one, never lead openly when you can plot in the dark, obey your masters, and when something goes wrong always find someone to put the blame upon., wielding a Bent Sword with a Spear strapped to their back.The image should have no background (transparent), no shadows, and be suitable for use as a 3D model reference. Please provide the image as a PNG with a transparent background if possible."
60;"Nagrhaw, Chief of the Wargs";"Adversaries in Eriador";"Create a high-quality, full-body portrait of character named Nagrhaw, Chief of the Wargs, who is a Adversaries in Eriador from Tolkien's Middle-earth, Nagrhaw, Chief of the Wargs is a Wolf Leader of unusual strength and cunning. He is always accompanied by a retinue of Wild Wolves, and sometimes Orcs., wielding a no visible weapon.The image should have no background (transparent), no shadows, and be suitable for use as a 3D model reference. Please provide the image as a PNG with a transparent background if possible."
61;"The New Great Goblin";"Adversaries in Eriador";"Create a high-quality, full-body portrait of character named The New Great Goblin, who is a Adversaries in Eriador from Tolkien's Middle-earth, The self-styled Greatest Goblin is a lumbering, huge Orc, consumed by an unquenchable thirst for revenge. He will go to any length to bring harm upon the dwellers of the Vales of Anduin, and especially the Beornings, but would go to greater lengths to preserve his own safety., wielding a Orc-Axe with a Broad-Headed Spear strapped to their back.The image should have no background (transparent), no shadows, and be suitable for use as a 3D model reference. Please provide the image as a PNG with a transparent background if possible."
62;"Black Warg of Methedras";"Adversaries in Rohan";"Create a high-quality, full-body portrait of character named Black Warg of Methedras, who is a Adversaries in Rohan from Tolkien's Middle-earth, A dark spirit inhabits the form of the Black Warg of Methedras, an evil shade that feeds off the breath of the living and is augmented by the deep shadows of the blackest nights., wielding a no visible weapon.The image should have no background (transparent), no shadows, and be suitable for use as a 3D model reference. Please provide the image as a PNG with a transparent background if possible."
63;"Stoneclaws the Bear";"Adversaries in Rohan";"Create a high-quality, full-body portrait of character named Stoneclaws the Bear, who is a Adversaries in Rohan from Tolkien's Middle-earth, Raised from a cub on the draughts of the Ents, Stoneclaws is a (mostly) benevolent sight within the forest. Woe betide any who provoke or attack him, however., wielding a no visible weapon.The image should have no background (transparent), no shadows, and be suitable for use as a 3D model reference. Please provide the image as a PNG with a transparent background if possible."
64;"The Great Boar of Everholt";"Adversaries in Rohan";"Create a high-quality, full-body portrait of character named The Great Boar of Everholt, who is a Adversaries in Rohan from Tolkien's Middle-earth, Is the fabled Boar of Everholt a myth, an undying creature that lives to be hunted and slain only to return to prowl the woods, or is it the progeny of a breed of boars that once every century generates a specimen of prodigious size?, wielding a no visible weapon.The image should have no background (transparent), no shadows, and be suitable for use as a 3D model reference. Please provide the image as a PNG with a transparent background if possible."
65;"Dreorg the Wargling";"Adversaries in Rohan";"Create a high-quality, full-body portrait of character named Dreorg the Wargling, who is a Adversaries in Rohan from Tolkien's Middle-earth, Dreorg the Wargling was once one of the Hill-men living in the vale of Gundabad, to the east of the Misty Mountains. To escape death, his spirit fled his form and entered that of a particularly large, savage Warg., wielding a no visible weapon.The image should have no background (transparent), no shadows, and be suitable for use as a 3D model reference. Please provide the image as a PNG with a transparent background if possible."
66;"Radgul the Orc-Chief";"Adversaries in Rohan";"Create a high-quality, full-body portrait of character named Radgul the Orc-Chief, who is a Adversaries in Rohan from Tolkien's Middle-earth, Radgul is the chieftain of the Orcs of Mount Gram, a wily, scarred old Orc with ambitions on the throne of Mount Gundabad and the cunning and patience to achieve his goals., wielding a Orc-Axe with a Spear strapped to their back.The image should have no background (transparent), no shadows, and be suitable for use as a 3D model reference. Please provide the image as a PNG with a transparent background if possible."
67;"The Wight-King (Buffed)";"Adversaries in Rohan";"Create a high-quality, full-body portrait of character named The Wight-King (Buffed), who is a Adversaries in Rohan from Tolkien's Middle-earth, A spirit great and terrible dwells in the greatest mound of the Barrow-downs. Clad in ancient armour that has been pitted and ruined with age, he wields a broken blade with skeletal hands., wielding a Ancient Sword.The image should have no background (transparent), no shadows, and be suitable for use as a 3D model reference. Please provide the image as a PNG with a transparent background if possible."
68;"The Witch-King of Angmar";"The Nazgûl";"Create a high-quality, full-body portrait of character named The Witch-King of Angmar, who is a The Nazgûl from Tolkien's Middle-earth, Lord of the Nazgûl and chief servant of Sauron., wielding a Long-Sword with a Morgul Knife strapped to their side.The image should have no background (transparent), no shadows, and be suitable for use as a 3D model reference. Please provide the image as a PNG with a transparent background if possible."
69;"The Sorcerer of Forod";"The Nazgûl";"Create a high-quality, full-body portrait of character named The Sorcerer of Forod, who is a The Nazgûl from Tolkien's Middle-earth, Ringwraith of Rhovanion, seeking to overthrow the kingdom of Erebor., wielding a Long-Sword with a Morgul Knife strapped to their side.The image should have no background (transparent), no shadows, and be suitable for use as a 3D model reference. Please provide the image as a PNG with a transparent background if possible."
70;"The Lieutenant of Dol Guldur";"The Nazgûl";"Create a high-quality, full-body portrait of character named The Lieutenant of Dol Guldur, who is a The Nazgûl from Tolkien's Middle-earth, Chief of the 3 ringwraiths of Dol Guldur., wielding a Long Sword.The image should have no background (transparent), no shadows, and be suitable for use as a 3D model reference. Please provide the image as a PNG with a transparent background if possible."
71;"The Messenger of Mordor";"The Nazgûl";"Create a high-quality, full-body portrait of character named The Messenger of Mordor, who is a The Nazgûl from Tolkien's Middle-earth, The chief messenger of Mordor, equipped with a swift black horse and a raiment to hide his dark undead features., wielding a Long Sword.The image should have no background (transparent), no shadows, and be suitable for use as a 3D model reference. Please provide the image as a PNG with a transparent background if possible."
72;"The Ghost of the Forest";"The Nazgûl";"Create a high-quality, full-body portrait of character named The Ghost of the Forest, who is a The Nazgûl from Tolkien's Middle-earth, This ringwraith roams Mirkwood unclad and invisible. Its passing can only be detected by a chill in the air and a feeling of terror., wielding a Long Sword.The image should have no background (transparent), no shadows, and be suitable for use as a 3D model reference. Please provide the image as a PNG with a transparent background if possible."
73;"Nazgûl";"The Nazgûl";"Create a high-quality, full-body portrait of character named Nazgûl, who is a The Nazgûl from Tolkien's Middle-earth, The lesser known members of the 9 are still incredibly deadly foes., wielding a Long Sword.The image should have no background (transparent), no shadows, and be suitable for use as a 3D model reference. Please provide the image as a PNG with a transparent background if possible."
74;"The Horse-Eater";"Troll";"Create a high-quality, full-body portrait of character named The Horse-Eater, who is a Troll from Tolkien's Middle-earth, A greater-snow troll of prodigious size with a blunt snout., wielding a no visible weapon.The image should have no background (transparent), no shadows, and be suitable for use as a 3D model reference. Please provide the image as a PNG with a transparent background if possible."
75;"Caselwun";"Evil Men";"Create a high-quality, full-body portrait of character named Caselwun, who is a Evil Men from Tolkien's Middle-earth, Leader of a band of Dunlending raiders., wielding a Spear with a Axe strapped to their side.The image should have no background (transparent), no shadows, and be suitable for use as a 3D model reference. Please provide the image as a PNG with a transparent background if possible."
76;"Blodred";"Evil Men";"Create a high-quality, full-body portrait of character named Blodred, who is a Evil Men from Tolkien's Middle-earth, The thirst for vengeance has consumed him, turning Hope to Hate in lesser measure., wielding a Great Spear with a Sword strapped to their side.The image should have no background (transparent), no shadows, and be suitable for use as a 3D model reference. Please provide the image as a PNG with a transparent background if possible."
77;"Rhonwen";"Evil Men";"Create a high-quality, full-body portrait of character named Rhonwen, who is a Evil Men from Tolkien's Middle-earth, Twin sister of Caselwun., wielding a Spear with a Axe strapped to their side.The image should have no background (transparent), no shadows, and be suitable for use as a 3D model reference. Please provide the image as a PNG with a transparent background if possible."
77;"Chosen Dunlending Warriors";"Evil Men";"Create a high-quality, full-body portrait of character named Chosen Dunlending Warriors, who is a Evil Men from Tolkien's Middle-earth, Warriors of the Iron-Folk, loyal to their leaders and fierce in battle., wielding a Great Axe with a Sword strapped to their side.The image should have no background (transparent), no shadows, and be suitable for use as a 3D model reference. Please provide the image as a PNG with a transparent background if possible."
78;"The Barrow-Witch";"Undead";"Create a high-quality, full-body portrait of character named The Barrow-Witch, who is a Undead from Tolkien's Middle-earth, Crone with intimate knowledge of Silver Mere., wielding a no visible weapon.The image should have no background (transparent), no shadows, and be suitable for use as a 3D model reference. Please provide the image as a PNG with a transparent background if possible."
79;"The Grey Horse";"Monster";"Create a high-quality, full-body portrait of character named The Grey Horse, who is a Monster from Tolkien's Middle-earth, The malevolent horse-spirit of Silver Mere., wielding a no visible weapon.The image should have no background (transparent), no shadows, and be suitable for use as a 3D model reference. Please provide the image as a PNG with a transparent background if possible."
80;"Hirdan, Bandit Leader";"Evil Men";"Create a high-quality, full-body portrait of character named Hirdan, Bandit Leader, who is a Evil Men from Tolkien's Middle-earth, Hirdan is a large and imposing brute with reddish hair, squinting blue eyes and hands scarred from years spent breaking stone in Gondor’s quarries., wielding a Spear with a Sword strapped to their side.The image should have no background (transparent), no shadows, and be suitable for use as a 3D model reference. Please provide the image as a PNG with a transparent background if possible."
81;"Bandits from the South";"Evil Men";"Create a high-quality, full-body portrait of character named Bandits from the South, who is a Evil Men from Tolkien's Middle-earth, Wicked men under the command of Hirdan., wielding a Spear with a Bow strapped to their back.The image should have no background (transparent), no shadows, and be suitable for use as a 3D model reference. Please provide the image as a PNG with a transparent background if possible."
82;"Agents of Mordor";"Evil Men";"Create a high-quality, full-body portrait of character named Agents of Mordor, who is a Evil Men from Tolkien's Middle-earth, Wicked Southrons trying to get Horses for Mordor., wielding a Scimitar.The image should have no background (transparent), no shadows, and be suitable for use as a 3D model reference. Please provide the image as a PNG with a transparent background if possible."
83;"Horse-Lords Spectre";"Undead";"Create a high-quality, full-body portrait of character named Horse-Lords Spectre, who is a Undead from Tolkien's Middle-earth, Ghost of the horse-lord defending his barrow., wielding a no visible weapon.The image should have no background (transparent), no shadows, and be suitable for use as a 3D model reference. Please provide the image as a PNG with a transparent background if possible."
84;"Gazhur Three-Deaths";"Orc";"Create a high-quality, full-body portrait of character named Gazhur Three-Deaths, who is a Orc from Tolkien's Middle-earth, Chief of the Orcs of the High Stone in the White Mountains., wielding a Heavy Scimitar with a Broad-Headed Spear strapped to their back.The image should have no background (transparent), no shadows, and be suitable for use as a 3D model reference. Please provide the image as a PNG with a transparent background if possible."
85;"Malthor, The Axe-Bitten";"Orc";"Create a high-quality, full-body portrait of character named Malthor, The Axe-Bitten, who is a Orc from Tolkien's Middle-earth, A notable chieftain among the Orcs of the White Mountains., wielding a Black Sword with a Spear strapped to their back.The image should have no background (transparent), no shadows, and be suitable for use as a 3D model reference. Please provide the image as a PNG with a transparent background if possible."
86;"Thugs";"Evil Men";"Create a high-quality, full-body portrait of character named Thugs, who is a Evil Men from Tolkien's Middle-earth, A trio of caravan guards that are threatening Baldor for supposedly cheating them out of their pay., wielding a Short Sword.The image should have no background (transparent), no shadows, and be suitable for use as a 3D model reference. Please provide the image as a PNG with a transparent background if possible."
87;"Night-Wight";"Undead";"Create a high-quality, full-body portrait of character named Night-Wight, who is a Undead from Tolkien's Middle-earth, A thing of shadow, haunting the remains of a warrior who once fell into corruption., wielding a Spear.The image should have no background (transparent), no shadows, and be suitable for use as a 3D model reference. Please provide the image as a PNG with a transparent background if possible."
88;"The Thing in the Well";"Monster";"Create a high-quality, full-body portrait of character named The Thing in the Well, who is a Monster from Tolkien's Middle-earth, The Nameless Thing inside the Well in the Wood. Not even the Wise might guess where this thing is from or how it came here., wielding a no visible weapon.The image should have no background (transparent), no shadows, and be suitable for use as a 3D model reference. Please provide the image as a PNG with a transparent background if possible."
89;"Faron the Trapper";"Evil Men";"Create a high-quality, full-body portrait of character named Faron the Trapper, who is a Evil Men from Tolkien's Middle-earth, A grim trapper ordered to shadow Oderic by Valter., wielding a Spear with a Axe strapped to their side.The image should have no background (transparent), no shadows, and be suitable for use as a 3D model reference. Please provide the image as a PNG with a transparent background if possible."
90;"Valter the Bloody";"Evil Men";"Create a high-quality, full-body portrait of character named Valter the Bloody, who is a Evil Men from Tolkien's Middle-earth, Valter claims to be the descendant of noble kings, but he would be a bloody-handed tyrant if he ever won his kingdom., wielding a Sword.The image should have no background (transparent), no shadows, and be suitable for use as a 3D model reference. Please provide the image as a PNG with a transparent background if possible."
91;"Oderic";"Evil Men";"Create a high-quality, full-body portrait of character named Oderic, who is a Evil Men from Tolkien's Middle-earth, A young Beorning who has betrayed his people to Valter., wielding a Sword.The image should have no background (transparent), no shadows, and be suitable for use as a 3D model reference. Please provide the image as a PNG with a transparent background if possible."
92;"Outlaws";"Evil Men";"Create a high-quality, full-body portrait of character named Outlaws, who is a Evil Men from Tolkien's Middle-earth, Mean, ill-favoured men from the South. Some ride ugly, half-starved horses., wielding a Spear with a Bow strapped to their back.The image should have no background (transparent), no shadows, and be suitable for use as a 3D model reference. Please provide the image as a PNG with a transparent background if possible."
93;"Undead Warriors";"Undead";"Create a high-quality, full-body portrait of character named Undead Warriors, who is a Undead from Tolkien's Middle-earth, Once young and valorous men, the guards of the Alderman have been stripped of their lives and will by the Necromancer’s dark arts., wielding a Sword.The image should have no background (transparent), no shadows, and be suitable for use as a 3D model reference. Please provide the image as a PNG with a transparent background if possible."
94;"Ghor the Despoiler";"Orc";"Create a high-quality, full-body portrait of character named Ghor the Despoiler, who is a Orc from Tolkien's Middle-earth, A huge orc-chieftain from the Mountains of Shadow. Leader of the Dwimmerhorn., wielding a Heavy Scimitar with a Orc-Axe strapped to their side.The image should have no background (transparent), no shadows, and be suitable for use as a 3D model reference. Please provide the image as a PNG with a transparent background if possible."
95;"Easterling Warriors";"Evil Men";"Create a high-quality, full-body portrait of character named Easterling Warriors, who is a Evil Men from Tolkien's Middle-earth, These men are mercenaries from the plains to the distant East, drawn to Dol Guldur with promises of bloodshed and fortune., wielding a Pike with a Long-Hafted Axe strapped to their side.The image should have no background (transparent), no shadows, and be suitable for use as a 3D model reference. Please provide the image as a PNG with a transparent background if possible."
96;"Gerold the Beorning";"Evil Men";"Create a high-quality, full-body portrait of character named Gerold the Beorning, who is a Evil Men from Tolkien's Middle-earth, A wild mercenary fighting in the melee tournament., wielding a Axe.The image should have no background (transparent), no shadows, and be suitable for use as a 3D model reference. Please provide the image as a PNG with a transparent background if possible."
97;"Elstan, Captain of Dale";"Evil Men";"Create a high-quality, full-body portrait of character named Elstan, Captain of Dale, who is a Evil Men from Tolkien's Middle-earth, A wild mercenary fighting in the melee tournament., wielding a Spear.The image should have no background (transparent), no shadows, and be suitable for use as a 3D model reference. Please provide the image as a PNG with a transparent background if possible."
98;"Elstan’s Followers";"Evil Men";"Create a high-quality, full-body portrait of character named Elstan’s Followers, who is a Evil Men from Tolkien's Middle-earth, Men of Dale fighting for Elstan in the tournament., wielding a Sword.The image should have no background (transparent), no shadows, and be suitable for use as a 3D model reference. Please provide the image as a PNG with a transparent background if possible."
99;"The Gibbet King";"Undead";"Create a high-quality, full-body portrait of character named The Gibbet King, who is a Undead from Tolkien's Middle-earth, The host body of the jailer for the Necromancer of Dol Guldur., wielding a no visible weapon.The image should have no background (transparent), no shadows, and be suitable for use as a 3D model reference. Please provide the image as a PNG with a transparent background if possible."
100;"Snow Trolls";"Troll";"Create a high-quality, full-body portrait of character named Snow Trolls, who is a Troll from Tolkien's Middle-earth, Snow-trolls are smaller than many of their brethren, but their ferocity makes up for the difference in size. They are usually found in caves, where they slumber waiting for a snowstorm to arrive., wielding a no visible weapon.The image should have no background (transparent), no shadows, and be suitable for use as a 3D model reference. Please provide the image as a PNG with a transparent background if possible."
101;"Raenar the Cold-Drake";"Monster";"Create a high-quality, full-body portrait of character named Raenar the Cold-Drake, who is a Monster from Tolkien's Middle-earth, Raenar is a monster bred in another age of the world. Once grown back to full stature, there will be no match for his strength in the North, now that Smaug is dead., wielding a no visible weapon.The image should have no background (transparent), no shadows, and be suitable for use as a 3D model reference. Please provide the image as a PNG with a transparent background if possible."
102;"Savage Wolfdogs";"Monster";"Create a high-quality, full-body portrait of character named Savage Wolfdogs, who is a Monster from Tolkien's Middle-earth, The dogs of the hill-men of Gundabad. Fully grown, they are tenacious beasts, easily pitted against predators twice their size., wielding a no visible weapon.The image should have no background (transparent), no shadows, and be suitable for use as a 3D model reference. Please provide the image as a PNG with a transparent background if possible."
103;"Heddwyn as Spirit-Warg";"Monster";"Create a high-quality, full-body portrait of character named Heddwyn as Spirit-Warg, who is a Monster from Tolkien's Middle-earth, Cruel, dominated spirit-warg form of Heddwyn., wielding a no visible weapon.The image should have no background (transparent), no shadows, and be suitable for use as a 3D model reference. Please provide the image as a PNG with a transparent background if possible."
104;"The Lurker in the Long Valley";"Monster";"Create a high-quality, full-body portrait of character named The Lurker in the Long Valley, who is a Monster from Tolkien's Middle-earth, A monstrosity of pincers and blade-like legs that defies description., wielding a Blade-Like Leg.The image should have no background (transparent), no shadows, and be suitable for use as a 3D model reference. Please provide the image as a PNG with a transparent background if possible."
105;"Heddwyn";"Evil Men";"Create a high-quality, full-body portrait of character named Heddwyn, who is a Evil Men from Tolkien's Middle-earth, A human sorcerer dominated entirely by the power of the Witch King of Angmar., wielding a Spear.The image should have no background (transparent), no shadows, and be suitable for use as a 3D model reference. Please provide the image as a PNG with a transparent background if possible."
102;"Sergeant Cyrnan";"Evil Men";"Create a high-quality, full-body portrait of character named Sergeant Cyrnan, who is a Evil Men from Tolkien's Middle-earth, The rugged cutthroat leader of the bandit camp., wielding a Sword.The image should have no background (transparent), no shadows, and be suitable for use as a 3D model reference. Please provide the image as a PNG with a transparent background if possible."
103;"Ruthless Bandits";"Evil Men";"Create a high-quality, full-body portrait of character named Ruthless Bandits, who is a Evil Men from Tolkien's Middle-earth, Bandits under the leadership of Sergeant Cyrnan., wielding a Sword with a Bow strapped to their back.The image should have no background (transparent), no shadows, and be suitable for use as a 3D model reference. Please provide the image as a PNG with a transparent background if possible."
104;"Ettin Guardian";"Monster";"Create a high-quality, full-body portrait of character named Ettin Guardian, who is a Monster from Tolkien's Middle-earth, Ettin camp guard at Captain Mormog's gathering., wielding a no visible weapon.The image should have no background (transparent), no shadows, and be suitable for use as a 3D model reference. Please provide the image as a PNG with a transparent background if possible."
105;"Captain Mormog";"Troll";"Create a high-quality, full-body portrait of character named Captain Mormog, who is a Troll from Tolkien's Middle-earth, An Olog-hai bred by Sauron to lead armies of trolls. Stronger, faster, and smarter than their older brethren., wielding a Notched Sword.The image should have no background (transparent), no shadows, and be suitable for use as a 3D model reference. Please provide the image as a PNG with a transparent background if possible."
106;"Hobbit Spectres";"Undead";"Create a high-quality, full-body portrait of character named Hobbit Spectres, who is a Undead from Tolkien's Middle-earth, Ghosts of old hobbit archers, unable to rest., wielding a no visible weapon.The image should have no background (transparent), no shadows, and be suitable for use as a 3D model reference. Please provide the image as a PNG with a transparent background if possible."
107;"Fell Wraiths";"Undead";"Create a high-quality, full-body portrait of character named Fell Wraiths, who is a Undead from Tolkien's Middle-earth, Shadowy undead that serve Angmar., wielding a Pitted Blade.The image should have no background (transparent), no shadows, and be suitable for use as a 3D model reference. Please provide the image as a PNG with a transparent background if possible."
108;"Caradog, Dunlending Hunter";"Evil Men";"Create a high-quality, full-body portrait of character named Caradog, Dunlending Hunter, who is a Evil Men from Tolkien's Middle-earth, Minion of Uatach, hunter for the company of the Wain., wielding a Spear.The image should have no background (transparent), no shadows, and be suitable for use as a 3D model reference. Please provide the image as a PNG with a transparent background if possible."
109;"Uatach";"Evil Men";"Create a high-quality, full-body portrait of character named Uatach, who is a Evil Men from Tolkien's Middle-earth, Fortune teller in the company of the Wain., wielding a Jagged Knife.The image should have no background (transparent), no shadows, and be suitable for use as a 3D model reference. Please provide the image as a PNG with a transparent background if possible."
110;"Armed Men";"Evil Men";"Create a high-quality, full-body portrait of character named Armed Men, who is a Evil Men from Tolkien's Middle-earth, Men of the company of the Wain responding to an attack., wielding a Spear with a Bow strapped to their back.The image should have no background (transparent), no shadows, and be suitable for use as a 3D model reference. Please provide the image as a PNG with a transparent background if possible."
111;"Thugs";"Evil Men";"Create a high-quality, full-body portrait of character named Thugs, who is a Evil Men from Tolkien's Middle-earth, Common thugs in the company of the Wain., wielding a Dagger.The image should have no background (transparent), no shadows, and be suitable for use as a 3D model reference. Please provide the image as a PNG with a transparent background if possible."
112;"Dunlending Warriors";"Evil Men";"Create a high-quality, full-body portrait of character named Dunlending Warriors, who is a Evil Men from Tolkien's Middle-earth, Dunlendings transporting a bound man., wielding a Long-Hafted Axe with a Spear strapped to their back.The image should have no background (transparent), no shadows, and be suitable for use as a 3D model reference. Please provide the image as a PNG with a transparent background if possible."
113;"Armed Villagers";"Evil Men";"Create a high-quality, full-body portrait of character named Armed Villagers, who is a Evil Men from Tolkien's Middle-earth, Group of local villagers that attack the company., wielding a Sword with a Spear strapped to their back.The image should have no background (transparent), no shadows, and be suitable for use as a 3D model reference. Please provide the image as a PNG with a transparent background if possible."
114;"Elwin";"Evil Men";"Create a high-quality, full-body portrait of character named Elwin, who is a Evil Men from Tolkien's Middle-earth, Charismatic and quick-witted young man of Bree., wielding a Sword.The image should have no background (transparent), no shadows, and be suitable for use as a 3D model reference. Please provide the image as a PNG with a transparent background if possible."
115;"Fay";"Evil Men";"Create a high-quality, full-body portrait of character named Fay, who is a Evil Men from Tolkien's Middle-earth, Humorous but mischievous hobbit girl., wielding a Bow.The image should have no background (transparent), no shadows, and be suitable for use as a 3D model reference. Please provide the image as a PNG with a transparent background if possible."
116;"Herbert";"Evil Men";"Create a high-quality, full-body portrait of character named Herbert, who is a Evil Men from Tolkien's Middle-earth, Handsome young breelander who is jealous of Elwin., wielding a Dagger.The image should have no background (transparent), no shadows, and be suitable for use as a 3D model reference. Please provide the image as a PNG with a transparent background if possible."
117;"Folulf and Arnulf";"Evil Men";"Create a high-quality, full-body portrait of character named Folulf and Arnulf, who is a Evil Men from Tolkien's Middle-earth, Two traveling woodsmen brothers., wielding a Axe (Folulf) with a Bow (Arnulf) strapped to their back.The image should have no background (transparent), no shadows, and be suitable for use as a 3D model reference. Please provide the image as a PNG with a transparent background if possible."
118;"Huldrahir, Dunadan Spectre";"Undead";"Create a high-quality, full-body portrait of character named Huldrahir, Dunadan Spectre, who is a Undead from Tolkien's Middle-earth, A tall ghost-like figure. The ancestor of Hiraval and the shadow in the manor., wielding a no visible weapon.The image should have no background (transparent), no shadows, and be suitable for use as a 3D model reference. Please provide the image as a PNG with a transparent background if possible."
119;"The Deadly One";"Orc";"Create a high-quality, full-body portrait of character named The Deadly One, who is a Orc from Tolkien's Middle-earth, One-eyed great orc who once fought for Angmar., wielding a Heavy Scimitar with a Broad-Headed Spear strapped to their back.The image should have no background (transparent), no shadows, and be suitable for use as a 3D model reference. Please provide the image as a PNG with a transparent background if possible."
120;"Goblin Horde";"Orc";"Create a high-quality, full-body portrait of character named Goblin Horde, who is a Orc from Tolkien's Middle-earth, The goblin hordes from Carn Dum., wielding a Broad-Bladed Sword with a Bow of Horn strapped to their back.The image should have no background (transparent), no shadows, and be suitable for use as a 3D model reference. Please provide the image as a PNG with a transparent background if possible."
121;"Thieving Dwarves";"Evil Men";"Create a high-quality, full-body portrait of character named Thieving Dwarves, who is a Evil Men from Tolkien's Middle-earth, Hard working dwarves under the command of Lofar., wielding a Mattock.The image should have no background (transparent), no shadows, and be suitable for use as a 3D model reference. Please provide the image as a PNG with a transparent background if possible."
122;"Lofar Light-Finger";"Evil Men";"Create a high-quality, full-body portrait of character named Lofar Light-Finger, who is a Evil Men from Tolkien's Middle-earth, Leader of the a small band of dwarves in the ruins of Fornost., wielding a Mattock.The image should have no background (transparent), no shadows, and be suitable for use as a 3D model reference. Please provide the image as a PNG with a transparent background if possible."
123;"The Old Troll";"Troll";"Create a high-quality, full-body portrait of character named The Old Troll, who is a Troll from Tolkien's Middle-earth, An old and dangerous stone-troll, cunning and fast beyond the common measure of his kind., wielding a Troll-Knife.The image should have no background (transparent), no shadows, and be suitable for use as a 3D model reference. Please provide the image as a PNG with a transparent background if possible."
124;"Brutes of Bree";"Evil Men";"Create a high-quality, full-body portrait of character named Brutes of Bree, who is a Evil Men from Tolkien's Middle-earth, Brutes brought by Gror the dwarf., wielding a Spear.The image should have no background (transparent), no shadows, and be suitable for use as a 3D model reference. Please provide the image as a PNG with a transparent background if possible."
125;"Gror the Dwarf";"Evil Men";"Create a high-quality, full-body portrait of character named Gror the Dwarf, who is a Evil Men from Tolkien's Middle-earth, Thieving dwarf attempting to rob the Black Barrow., wielding a Mattock.The image should have no background (transparent), no shadows, and be suitable for use as a 3D model reference. Please provide the image as a PNG with a transparent background if possible."
126;"Edoric";"Evil Men";"Create a high-quality, full-body portrait of character named Edoric, who is a Evil Men from Tolkien's Middle-earth, Guide from Enedwaith, kin to the Dunlendings., wielding a Spear with a Bow strapped to their back.The image should have no background (transparent), no shadows, and be suitable for use as a 3D model reference. Please provide the image as a PNG with a transparent background if possible."
127;"Vogar";"Orc";"Create a high-quality, full-body portrait of character named Vogar, who is a Orc from Tolkien's Middle-earth, A Dwarf-warrior of renown, once a champion of the Blue Mountains., wielding a Mattock.The image should have no background (transparent), no shadows, and be suitable for use as a 3D model reference. Please provide the image as a PNG with a transparent background if possible."
128;"Narvi the Young";"Orc";"Create a high-quality, full-body portrait of character named Narvi the Young, who is a Orc from Tolkien's Middle-earth, The youngest of the party of dwarves, and a scoundrel., wielding a Sword.The image should have no background (transparent), no shadows, and be suitable for use as a 3D model reference. Please provide the image as a PNG with a transparent background if possible."
129;"Hirlinion";"Evil Men";"Create a high-quality, full-body portrait of character named Hirlinion, who is a Evil Men from Tolkien's Middle-earth, Devoted follower of the sorcerer Gorlanc., wielding a Dagger.The image should have no background (transparent), no shadows, and be suitable for use as a 3D model reference. Please provide the image as a PNG with a transparent background if possible."
130;"Berelas";"Evil Men";"Create a high-quality, full-body portrait of character named Berelas, who is a Evil Men from Tolkien's Middle-earth, A captive woodman tortured and forced to serve Gorlanc., wielding a Dagger with a Bow strapped to their back.The image should have no background (transparent), no shadows, and be suitable for use as a 3D model reference. Please provide the image as a PNG with a transparent background if possible."
131;"The Cold Shade";"Undead";"Create a high-quality, full-body portrait of character named The Cold Shade, who is a Undead from Tolkien's Middle-earth, This creature might be an undead spirit, or it could be the malign expression of Gorlanc’s will – or perhaps both? Maybe the sorcerer called a wraith out of some ancient tomb in the north, and now uses it like a mask to project his mind across the leagues., wielding a no visible weapon.The image should have no background (transparent), no shadows, and be suitable for use as a 3D model reference. Please provide the image as a PNG with a transparent background if possible."
132;"White Wolf of the North";"Monster";"Create a high-quality, full-body portrait of character named White Wolf of the North, who is a Monster from Tolkien's Middle-earth, Leader of the wolf pack drawn in by the power of the ring., wielding a no visible weapon.The image should have no background (transparent), no shadows, and be suitable for use as a 3D model reference. Please provide the image as a PNG with a transparent background if possible."
133;"Gorlanc’s Warriors";"Evil Men";"Create a high-quality, full-body portrait of character named Gorlanc’s Warriors, who is a Evil Men from Tolkien's Middle-earth, Warriors of Gorlanc seeking to regain the ring., wielding a Axe.The image should have no background (transparent), no shadows, and be suitable for use as a 3D model reference. Please provide the image as a PNG with a transparent background if possible."
134;"Bluebell Wood Oakmen";"Evil Men";"Create a high-quality, full-body portrait of character named Bluebell Wood Oakmen, who is a Evil Men from Tolkien's Middle-earth, The creatures are small as children and wear wide-brimmed soft hats, a deep red in colour. They look like scruffy, wilder Hobbits, including even the loners that wander the remote parts of Bree-land., wielding a Sword with a Bow strapped to their back.The image should have no background (transparent), no shadows, and be suitable for use as a 3D model reference. Please provide the image as a PNG with a transparent background if possible."
135;"Gorlanc’s Followers";"Evil Men";"Create a high-quality, full-body portrait of character named Gorlanc’s Followers, who is a Evil Men from Tolkien's Middle-earth, Loyal followers of the sorcerer Gorlanc., wielding a Axe.The image should have no background (transparent), no shadows, and be suitable for use as a 3D model reference. Please provide the image as a PNG with a transparent background if possible."
136;"Gorlanc";"Evil Men";"Create a high-quality, full-body portrait of character named Gorlanc, who is a Evil Men from Tolkien's Middle-earth, Former sorcerer and servant of evil. Now just a tattered robe-wearing old man with a poisoned dagger., wielding a Dagger.The image should have no background (transparent), no shadows, and be suitable for use as a 3D model reference. Please provide the image as a PNG with a transparent background if possible."
137;"Longo";"Evil Men";"Create a high-quality, full-body portrait of character named Longo, who is a Evil Men from Tolkien's Middle-earth, Hobbit bandit leader posing as a man named Clovis., wielding a Dagger.The image should have no background (transparent), no shadows, and be suitable for use as a 3D model reference. Please provide the image as a PNG with a transparent background if possible."
138;"Longo’s Lieutenants";"Evil Men";"Create a high-quality, full-body portrait of character named Longo’s Lieutenants, who is a Evil Men from Tolkien's Middle-earth, The men serving under the bandit leader Longo., wielding a Sword.The image should have no background (transparent), no shadows, and be suitable for use as a 3D model reference. Please provide the image as a PNG with a transparent background if possible."
139;"Gunvar’s Bodyguards";"Evil Men";"Create a high-quality, full-body portrait of character named Gunvar’s Bodyguards, who is a Evil Men from Tolkien's Middle-earth, Hand-picked elite warriors protecting Lord Gunvar., wielding a Sword.The image should have no background (transparent), no shadows, and be suitable for use as a 3D model reference. Please provide the image as a PNG with a transparent background if possible."
140;"Gunvar’s Men-at-Arms";"Evil Men";"Create a high-quality, full-body portrait of character named Gunvar’s Men-at-Arms, who is a Evil Men from Tolkien's Middle-earth, The soldiers in the service of Lord Gunvar., wielding a Sword.The image should have no background (transparent), no shadows, and be suitable for use as a 3D model reference. Please provide the image as a PNG with a transparent background if possible."
141;"Firbul, Snaga Tracker";"Orc";"Create a high-quality, full-body portrait of character named Firbul, Snaga Tracker, who is a Orc from Tolkien's Middle-earth, This small but guileful Orc serves the Sorcerer of Forod., wielding a Deadly Bow of Horn with a Jagged Knife strapped to their side.The image should have no background (transparent), no shadows, and be suitable for use as a 3D model reference. Please provide the image as a PNG with a transparent background if possible."
142;"Cutthroats of the Dalelands";"Evil Men";"Create a high-quality, full-body portrait of character named Cutthroats of the Dalelands, who is a Evil Men from Tolkien's Middle-earth, Firbul’s men are some of the many outlaws and misfits that Lord Hakon of Dale has been recruiting lately., wielding a Sword with a Bow strapped to their back.The image should have no background (transparent), no shadows, and be suitable for use as a 3D model reference. Please provide the image as a PNG with a transparent background if possible."
143;"Silent Vultures";"Monster";"Create a high-quality, full-body portrait of character named Silent Vultures, who is a Monster from Tolkien's Middle-earth, Great monstrous vultures with wings of iron, bred in the fortress of Angband in an age long past., wielding a no visible weapon.The image should have no background (transparent), no shadows, and be suitable for use as a 3D model reference. Please provide the image as a PNG with a transparent background if possible."
144;"Skarf, Lord of Brech";"Evil Men";"Create a high-quality, full-body portrait of character named Skarf, Lord of Brech, who is a Evil Men from Tolkien's Middle-earth, Lord of Brech under the thrall of the dragon., wielding a Great Axe.The image should have no background (transparent), no shadows, and be suitable for use as a 3D model reference. Please provide the image as a PNG with a transparent background if possible."
145;"Dwarven Assassin";"Orc";"Create a high-quality, full-body portrait of character named Dwarven Assassin, who is a Orc from Tolkien's Middle-earth, Assassins attacking in the hall of Brech., wielding a Axe with a Dagger strapped to their side.The image should have no background (transparent), no shadows, and be suitable for use as a 3D model reference. Please provide the image as a PNG with a transparent background if possible."
146;"Raenar The Plunderer";"Monster";"Create a high-quality, full-body portrait of character named Raenar The Plunderer, who is a Monster from Tolkien's Middle-earth, Dragon with a cold and bitter heart inhabiting the watchtower of Zirakinbar., wielding a no visible weapon.The image should have no background (transparent), no shadows, and be suitable for use as a 3D model reference. Please provide the image as a PNG with a transparent background if possible."
147;"Wrunele the Fiery";"Monster";"Create a high-quality, full-body portrait of character named Wrunele the Fiery, who is a Monster from Tolkien's Middle-earth, A young dragon with a bold determination for glory., wielding a no visible weapon.The image should have no background (transparent), no shadows, and be suitable for use as a 3D model reference. Please provide the image as a PNG with a transparent background if possible."
148;"Mud-Man";"Evil Men";"Create a high-quality, full-body portrait of character named Mud-Man, who is a Evil Men from Tolkien's Middle-earth, Sinister wood-elves under the leadership of Linnon., wielding a Dagger.The image should have no background (transparent), no shadows, and be suitable for use as a 3D model reference. Please provide the image as a PNG with a transparent background if possible."
149;"The Guttermaw";"Monster";"Create a high-quality, full-body portrait of character named The Guttermaw, who is a Monster from Tolkien's Middle-earth, Some bygone breed of serpent left to breed deep beneath the earth., wielding a no visible weapon.The image should have no background (transparent), no shadows, and be suitable for use as a 3D model reference. Please provide the image as a PNG with a transparent background if possible."
150;"Wolf of the Waste";"Monster";"Create a high-quality, full-body portrait of character named Wolf of the Waste, who is a Monster from Tolkien's Middle-earth, Wolves of the Upper Marches in the Dale Lands., wielding a no visible weapon.The image should have no background (transparent), no shadows, and be suitable for use as a 3D model reference. Please provide the image as a PNG with a transparent background if possible."
151;"The Devourer";"Monster";"Create a high-quality, full-body portrait of character named The Devourer, who is a Monster from Tolkien's Middle-earth, Greater warg with marks of ancient injuries and huge fangs., wielding a no visible weapon.The image should have no background (transparent), no shadows, and be suitable for use as a 3D model reference. Please provide the image as a PNG with a transparent background if possible."
152;"Ravenous Goblins";"Orc";"Create a high-quality, full-body portrait of character named Ravenous Goblins, who is a Orc from Tolkien's Middle-earth, Goblin servants of The Devourer., wielding a Jagged Knife.The image should have no background (transparent), no shadows, and be suitable for use as a 3D model reference. Please provide the image as a PNG with a transparent background if possible."
153;"The Stalker in the Deeps";"Monster";"Create a high-quality, full-body portrait of character named The Stalker in the Deeps, who is a Monster from Tolkien's Middle-earth, A stalker and killer in the deep places of the Lonely Mountain., wielding a no visible weapon.The image should have no background (transparent), no shadows, and be suitable for use as a 3D model reference. Please provide the image as a PNG with a transparent background if possible."
154;"Servants of Tyrants Hill";"Evil Men";"Create a high-quality, full-body portrait of character named Servants of Tyrants Hill, who is a Evil Men from Tolkien's Middle-earth, Cruel men who once served the Necromancer of Dol Guldur, now sworn to Mogdred. Well-trained warriors with superior arms and equipment., wielding a Sword.The image should have no background (transparent), no shadows, and be suitable for use as a 3D model reference. Please provide the image as a PNG with a transparent background if possible."
155;"Raegenhere";"Undead";"Create a high-quality, full-body portrait of character named Raegenhere, who is a Undead from Tolkien's Middle-earth, Incarnated wood-wight and lord of the hall in Sunstead. Possessed and deathless., wielding a Great Axe.The image should have no background (transparent), no shadows, and be suitable for use as a 3D model reference. Please provide the image as a PNG with a transparent background if possible."
156;"The Forest Dragon";"Monster";"Create a high-quality, full-body portrait of character named The Forest Dragon, who is a Monster from Tolkien's Middle-earth, Canny and wood-wise, this dragon is stealthy and blends into the darkness of the forest with its green-black hide., wielding a no visible weapon.The image should have no background (transparent), no shadows, and be suitable for use as a 3D model reference. Please provide the image as a PNG with a transparent background if possible."
157;"Valdis the Great Vampire";"Vampire";"Create a high-quality, full-body portrait of character named Valdis the Great Vampire, who is a Vampire from Tolkien's Middle-earth, The giant bat combat form of Valdis, the queen of the vampires in the Mountains of Mirkwood., wielding a Rake.The image should have no background (transparent), no shadows, and be suitable for use as a 3D model reference. Please provide the image as a PNG with a transparent background if possible."
158;"Tyulqin the Weaver";"Spider";"Create a high-quality, full-body portrait of character named Tyulqin the Weaver, who is a Spider from Tolkien's Middle-earth, She spins webs as black as the void between stars. Her malice is so twisted that the minds of mortals are simple toys to her., wielding a no visible weapon.The image should have no background (transparent), no shadows, and be suitable for use as a 3D model reference. Please provide the image as a PNG with a transparent background if possible."
159;"Sarqin, The Mother-of-All";"Spider";"Create a high-quality, full-body portrait of character named Sarqin, The Mother-of-All, who is a Spider from Tolkien's Middle-earth, A child of Shelob that has given birth to many monsters of Mirkwood., wielding a no visible weapon.The image should have no background (transparent), no shadows, and be suitable for use as a 3D model reference. Please provide the image as a PNG with a transparent background if possible."
160;"Tauler the Hunter";"Monster";"Create a high-quality, full-body portrait of character named Tauler the Hunter, who is a Monster from Tolkien's Middle-earth, As large as a small elephant, he lies in ambush and fears no opponent., wielding a no visible weapon.The image should have no background (transparent), no shadows, and be suitable for use as a 3D model reference. Please provide the image as a PNG with a transparent background if possible."
1000;"Goblin - łucznik";"Orc";"Create a high-quality, full-body portrait of character named Goblin - łucznik, who is a Orc from Tolkien's Middle-earth, Ten goblin ma szczególnie bystry wzrok i doskonale widzi w ciemności, a pewna ręka pozwala mu szyć z łuku z równą celnością za dnia, jak i nocą., wielding a Rogowy łuk with a Wyszczerbiony nóż strapped to their side.The image should have no background (transparent), no shadows, and be suitable for use as a 3D model reference. Please provide the image as a PNG with a transparent background if possible."
1001;"Ork - herszt";"Orc";"Create a high-quality, full-body portrait of character named Ork - herszt, who is a Orc from Tolkien's Middle-earth, Tylko najbardziej niegodziwi i okrutni orkowie żyją na tyle długo, by dochrapać się pozycji herszta i dowodzić swoim plemieniem albo bandą w bitwach. Hersztów łatwo rozpoznać: są zwykle najwięksi, mają najstraszliw-szy oręż i najokazalszą zbroję. Często noszą też pamiątki długiej służby u Władcy Ciemności – blizny i okaleczenia., wielding a Szabla with a Włócznia strapped to their back.The image should have no background (transparent), no shadows, and be suitable for use as a 3D model reference. Please provide the image as a PNG with a transparent background if possible."
1002;"Ork - wartownik";"Orc";"Create a high-quality, full-body portrait of character named Ork - wartownik, who is a Orc from Tolkien's Middle-earth, Najsilniejszych i najodważniejszych orków zakuwa się w najtwardszy pancerz, jaki tylko uda się wyklepać, i stawia na warcie, by strzegli jakiegoś miejsca z pomocą krzywego miecza i ciężkiej tarczy., wielding a Szabla with a Włócznia strapped to their back.The image should have no background (transparent), no shadows, and be suitable for use as a 3D model reference. Please provide the image as a PNG with a transparent background if possible."
1003;"Ork - żołdak";"Orc";"Create a high-quality, full-body portrait of character named Ork - żołdak, who is a Orc from Tolkien's Middle-earth, Orkowi żołnierze, zwykle zbrojni w niemożliwe do pomylenia krzywe szable, są wrzaskliwi i nieposłuszni. By utrzymać wśród nich dyscyplinę, niezbędny jest silny herszt, okrutny bat i ostry nóż., wielding a Szabla with a Włócznia strapped to their back.The image should have no background (transparent), no shadows, and be suitable for use as a 3D model reference. Please provide the image as a PNG with a transparent background if possible."
1004;"Wielki ork - wódz";"Orc";"Create a high-quality, full-body portrait of character named Wielki ork - wódz, who is a Orc from Tolkien's Middle-earth, Wielcy orkowie często władają swoimi pobratymcami o słabszej krwi., wielding a Ciężka szabla with a Włócznia o szerokim grocie strapped to their back.The image should have no background (transparent), no shadows, and be suitable for use as a 3D model reference. Please provide the image as a PNG with a transparent background if possible."
1005;"Wielki ork - obrońca";"Orc";"Create a high-quality, full-body portrait of character named Wielki ork - obrońca, who is a Orc from Tolkien's Middle-earth, Potwory o rozumie słabszym niż sprytni wodzowie, za cenę życia bronią swoich przywódców., wielding a Orkowy topór with a Włócznia o szerokim grocie strapped to their back.The image should have no background (transparent), no shadows, and be suitable for use as a 3D model reference. Please provide the image as a PNG with a transparent background if possible."
1006;"Wielki troll jaskiniowy";"Troll";"Create a high-quality, full-body portrait of character named Wielki troll jaskiniowy, who is a Troll from Tolkien's Middle-earth, Ta ogromna bestia, której lękają się nawet poganiacze, służy orkom do rozbijania obrony oraz miażdzenia ducha najgroźniejszych nawet wrogów., wielding a no visible weapon.The image should have no background (transparent), no shadows, and be suitable for use as a 3D model reference. Please provide the image as a PNG with a transparent background if possible."
1006;"Troll jaskiniowy - niuchacz";"Troll";"Create a high-quality, full-body portrait of character named Troll jaskiniowy - niuchacz, who is a Troll from Tolkien's Middle-earth, Ta odmiana trolla jaskiniowego jest nieco mniejsza od innych, choć wciąż przewyższa rozmiarami orków. Niuchacze doskonale radzą sobie głęboko pod ziemią, polując samotnie i w zupełnej ciemności – jak nikt potrafią bowiem zwęszyć ofiarę., wielding a Maczuga.The image should have no background (transparent), no shadows, and be suitable for use as a 3D model reference. Please provide the image as a PNG with a transparent background if possible."
1007;"Troll kamienny - łupieżca";"Troll";"Create a high-quality, full-body portrait of character named Troll kamienny - łupieżca, who is a Troll from Tolkien's Middle-earth, Choć taki troll wygląda równie straszliwie, jak inni przedstawiciele tego rodzaju, wydaje się mniej potworny – a to dla tej przyczyny, że ma w zwyczaju nosić zgrzebne ubrania, gotować posiłki i używać prostych narzędzi, na przykład kubków i beczek., wielding a Maczuga.The image should have no background (transparent), no shadows, and be suitable for use as a 3D model reference. Please provide the image as a PNG with a transparent background if possible."
1008;"Troll kamienny - wódz";"Troll";"Create a high-quality, full-body portrait of character named Troll kamienny - wódz, who is a Troll from Tolkien's Middle-earth, Zdarza się, że na czele grupy kamiennych trollów staje najsilniejszy jej członek. Pod jego wodzą banda napada na kupców i samotne domostwa., wielding a Maczuga.The image should have no background (transparent), no shadows, and be suitable for use as a 3D model reference. Please provide the image as a PNG with a transparent background if possible."
1009;"Upiór kurhanu";"Upiory";"Create a high-quality, full-body portrait of character named Upiór kurhanu, who is a Upiory from Tolkien's Middle-earth, Upiory kurhanów przybyły na wzgórza Tyrn Gorthad z rozkazu Czarnoksiężnika z Angmaru, by wesprzeć go w wojnach przeciw królestwu Arnoru. Objawiają się jako wysokie i mroczne postaci o zimnych oczach pałających bladym światłem. Na kościanych palcach noszą pierścienie, a wokół zwiędłych szyi owijają złote łańcuchy. W dłoniach dzierżą pradawne, wyszczerbione miecze., wielding a Pradawny miecz.The image should have no background (transparent), no shadows, and be suitable for use as a 3D model reference. Please provide the image as a PNG with a transparent background if possible."
1010;"Złowroga zjawa";"Upiory";"Create a high-quality, full-body portrait of character named Złowroga zjawa, who is a Upiory from Tolkien's Middle-earth, Złowroga zjawa przyjmuje postać wędrowca, przemierzającego dawne ruiny, zgarbionego i okutango w płaszcz z kapturem, pod którym kryje oblicze upiora. Ciało ma niemal przezroczyste, a jej oczy lśnią jak rozżarzone węgle. Napatkana o zmroku może ująć za człowieka, potrafi bowiem mówić, choć głos ma syczący, a wymowę – dziwaczną. Złowrogie zjawy nie rozstają się ze starożytną bronią i potłuczonymi tarczami, pamiątkami dawnych wojen. Władają nimi z przerażającą wprawą., wielding a Wyszczerbiony miecz with a Okrutna włócznia strapped to their back.The image should have no background (transparent), no shadows, and be suitable for use as a 3D model reference. Please provide the image as a PNG with a transparent background if possible."
1012;"Istota z bagien";"The Nazgûl";"Create a high-quality, full-body portrait of character named Istota z bagien, who is a The Nazgûl from Tolkien's Middle-earth, Istoty z bagien to niezdborne, czekokopodobne stwory o chorobliwej, bladej skórze – jak u zwłok, które zbyt długo leżały w wodzie. Ale paskudny blask ich malutkich oczu zdradza ogromną wniośliwość i głęboką niegodziwość. Żyją pośród ruin, w dawnych siedzibach ludzi, najczęściej w pobliżu rozlewisk ciemnej, zatęchłej wody. Kryją się pod ziemią w niewielkich grupach, zawsze gotowe porwać nieświadomych wędrowców i zaciągnąć do głębokich piwnic, gdzie z upodobaniem gromadzą złoto., wielding a no visible weapon.The image should have no background (transparent), no shadows, and be suitable for use as a 3D model reference. Please provide the image as a PNG with a transparent background if possible."
1013;"Dziki wilk";"Wilki Z Pustkowi";"Create a high-quality, full-body portrait of character named Dziki wilk, who is a Wilki Z Pustkowi from Tolkien's Middle-earth, To przeciętnych rozmiarów warg, tylko nieco większy od zwyczajnego wilka – ale po stokroć bardziej zajadły. Zwykle trzyma się watahy, ale czasem napotkać można samotnego myśliwego albo zwiadowcę, gotowego ostrzec innych wargów i różne inne istoty przenikliwym wyciem, które niesie się na wiele mil. Orkowie dosiadają czasem dzikich wilków tak, jak ludzie koni., wielding a no visible weapon.The image should have no background (transparent), no shadows, and be suitable for use as a 3D model reference. Please provide the image as a PNG with a transparent background if possible."
1013;"Przewodnik watahy";"Wilki Z Pustkowi";"Create a high-quality, full-body portrait of character named Przewodnik watahy, who is a Wilki Z Pustkowi from Tolkien's Middle-earth, Przewodnik watahy góruje nad pozostałymi wargami rozmiarem, okrucieństwem i sprytem – dlatego stado gromadzi się przy nim w chwilach zagrożenia, na przykład, kiedy jego terytorium naruszy banda wędrownych poszukiwaczy przygód. Przewodnik nigdy nie wędruje sam i spotkać go można tylko w otoczeniu zgrai dzikich wilków., wielding a no visible weapon.The image should have no background (transparent), no shadows, and be suitable for use as a 3D model reference. Please provide the image as a PNG with a transparent background if possible."
1014;"Pies Saurona";"Wilki Z Pustkowi";"Create a high-quality, full-body portrait of character named Pies Saurona, who is a Wilki Z Pustkowi from Tolkien's Middle-earth, Pies Saurona to zaufany sługa Władcy Ciemności, wybrany przez wzgląd na brutalność i szczególnie pokrętny umysł. Zawsze realizuje konkretne zadanie: gromadzi siły na zbliżającą się wojnę, poluje na określoną osobę albo bada jakiś teren. Choć wygląda jak zwyczajny warg, w jego ciele drzemie daleko straszliwsza siła., wielding a no visible weapon.The image should have no background (transparent), no shadows, and be suitable for use as a 3D model reference. Please provide the image as a PNG with a transparent background if possible."
1015;"Zbir";"Evil Men";"Create a high-quality, full-body portrait of character named Zbir, who is a Evil Men from Tolkien's Middle-earth, Tchórzliwy bandyta, który bez wahania obrabuje bezbronną ofiarę, ale na samotnego poszukiwacza przygód zasadza się wyłącznie z kamratami., wielding a Pałka with a Łuk strapped to their back.The image should have no background (transparent), no shadows, and be suitable for use as a 3D model reference. Please provide the image as a PNG with a transparent background if possible."
1016;"Herszt bandytów";"Evil Men";"Create a high-quality, full-body portrait of character named Herszt bandytów, who is a Evil Men from Tolkien's Middle-earth, Naczelny bandyta jest silniejszy i bardziej zaciekły niż kamraci. Na swoją pozycję zapracował albo bystrością, albo pięścią., wielding a Krótki miecz with a Łuk strapped to their back.The image should have no background (transparent), no shadows, and be suitable for use as a 3D model reference. Please provide the image as a PNG with a transparent background if possible."
1017;"Rozbójnik";"Evil Men";"Create a high-quality, full-body portrait of character named Rozbójnik, who is a Evil Men from Tolkien's Middle-earth, Rozbójnik jest daleko groźniejszy niż zwykły bandyta: nawykł do życia w dzikich ostępach i wie, jak radzić sobie z uzbrojonymi ofiarami., wielding a Włócznia with a Łuk strapped to their back.The image should have no background (transparent), no shadows, and be suitable for use as a 3D model reference. Please provide the image as a PNG with a transparent background if possible."
1018;"Najeźdźca z Południa";"Evil Men";"Create a high-quality, full-body portrait of character named Najeźdźca z Południa, who is a Evil Men from Tolkien's Middle-earth, Gdy mija szczególnie ciężka zima, ludziom z Południa zdarza się zbierać w zbrojne bandy, które z zaskoczenia napadają na samotne domostwa, grabia je i co rychlej rozpływają się we mgle, z której się wyłoniły., wielding a Topór with a Krótka włócznia strapped to their back.The image should have no background (transparent), no shadows, and be suitable for use as a 3D model reference. Please provide the image as a PNG with a transparent background if possible."
1019;"Mocarz z Południa";"Evil Men";"Create a high-quality, full-body portrait of character named Mocarz z Południa, who is a Evil Men from Tolkien's Middle-earth, Mocarzem z Południa może być z równym powodzeniem wódz plemienia z Dunlandu, przywódca bandytów, który połączył poważniejsze bandy rabusiów w niewielką armię, albo po prostu szczególnie tęgi zbir., wielding a Włócznia with a Topór na długim stylisku strapped to their side.The image should have no background (transparent), no shadows, and be suitable for use as a 3D model reference. Please provide the image as a PNG with a transparent background if possible."
1020;"Búrzgul";"Monster";"Create a high-quality, full-body portrait of character named Búrzgul, who is a Monster from Tolkien's Middle-earth, Wojowniczy Búrzgul jest nikczemnym orkiem, wodzem obszarpanej bandy, która zeszła aż z Bramy Goblinów w Górach Mglistych, by dołączyć do wilków z Ciemnych Jam. Usłyszał o tym miejscu od swego najbardziej zaufanego kamrata, ogromnego warga imieniem Szlaka, o futrze czarnym jak noc i płonących żółtych oczach. Jak na razie nikt, nawet Strażnicy Północy, nie ma pojęcia, że na Południowych Wzgórzach zaległo się nowe zagrożenie. Orkowie i wilki czekają na jakąś większą sposobność, póki co przeprowadzili tylko kilka świetnie obmyślonych ataków, z których nikt nie uszedł z życiem. Najgorsze jest jednak to, że Búrzgul regularnie się posłańców do większych skupisk orków w Angmarze i Górach Mglistych, więc nowiny z Bree bardzo szybko docierają do uszu agentów Cienia., wielding a Ciężka szabla with a Włócznia strapped to their back.The image should have no background (transparent), no shadows, and be suitable for use as a 3D model reference. Please provide the image as a PNG with a transparent background if possible."
1021;"Szlaka";"Monster";"Create a high-quality, full-body portrait of character named Szlaka, who is a Monster from Tolkien's Middle-earth, Szlaka to ogromny warg o futrze czarnym jak noc i płonących żółtych oczach. Jest zaufanym kamratem Búrzgula, z którym razem planują ataki z ukrycia. Potrafi poruszać się w ciszy i niespodziewanie atakować z wielką zajadłością, łącząc zęby i pazury w śmiertelnych kombinacjach., wielding a no visible weapon.The image should have no background (transparent), no shadows, and be suitable for use as a 3D model reference. Please provide the image as a PNG with a transparent background if possible."
